Language,Wiki,Total_Pages,Articles,Non_Articles,Edits,Admins,Users,Active_Users,Depth,Depth_simple,Depth+,Depth+_simple
English,en,58124824.0,6496828.0,51627996,1082352431.0,897,45653439,119629,1175.9120563484453,1175.9120563484453,347.81344198926223,347.81344198926223
Cebuano,ceb,5127024.0,23929.0,5103095,2181554.0,5,103536,169,19351.68670317233,19351.686703172327,0.7405852314358834,0.7405852314358833
German,de,7742406.0,2804655.0,4937751,219581385.0,181,4159845,17434,87.9061089829633,87.90610898296332,37.87632076113123,37.876320761131225
Swedish,sv,4429349.0,819358.0,3609991,35587519.0,67,868323,2140,155.9633850950373,155.9633850950373,5.845174800542851,5.845174800542852
French,fr,12507804.0,2449544.0,10058260,181480355.0,151,4672904,18166,244.63792170664638,244.6379217066464,34.973215499776266,34.973215499776266
Dutch,nl,3689112.0,1274996.0,2414116,49050783.0,35,1279901,3947,47.667538750540224,47.66753875054024,2.717266336787898,2.717266336787898
Russian,ru,7553946.0,1769253.0,5784693,114981945.0,72,3398060,10716,162.71834721348483,162.71834721348483,11.300048512284167,11.300048512284167
Spanish,es,7917370.0,1865134.0,6052236,132006742.0,58,6864209,15750,175.56049728584878,175.5604972858488,7.200108487540865,7.200108487540866
Italian,it,7616782.0,1697925.0,5918857,106573560.0,120,2389751,8301,170.02650852856888,170.02650852856888,20.330885756819235,20.330885756819235
Egyptian Arabic,arz,2073195.0,1617793.0,455402,3629611.0,7,211820,216,0.1387279258070906,0.1387279258070906,0.0035178453136389468,0.003517845313638947
Polish,pl,3432321.0,1384075.0,2048246,52826450.0,99,1241069,4306,33.706100505402134,33.70610050540214,7.823468037449632,7.823468037449633
Japanese,ja,4050526.0,1375705.0,2674821,88751583.0,42,2078161,14184,82.83302098419799,82.83302098419799,12.21245326897378,12.21245326897378
Chinese,zh,7243624.0,1198892.0,6044732,68877584.0,66,3354080,8207,241.7218909499623,241.72189094996233,7.742370437720406,7.742370437720405
Vietnamese,vi,18676544.0,537255.0,18139289,50802707.0,18,912442,1952,3100.772666970032,3100.7726669700323,3.5365286733787347,3.536528673378735
Ukrainian,uk,3255191.0,123675.0,3131516,34596435.0,49,692440,3774,6813.971377036121,6813.971377036121,71.86930036749565,71.86930036749565
Waray,war,2603273.0,998809.0,1604464,-3291092.0,3,55594,72,-3.2622359468714444,-3.262235946871445,-0.007890302748157897,-0.007890302748157897
Arabic,ar,7634774.0,727123.0,6907651,38600640.0,21,2429812,4834,456.2924991176274,456.29249911762736,2.0066613818925636,2.0066613818925636
Portuguese,pt,5392075.0,971175.0,4420900,56506170.0,53,2926486,8595,217.15325401741754,217.15325401741754,7.425546880310063,7.425546880310061
Persian,fa,5220258.0,670821.0,4549437,25971150.0,36,1224045,5992,228.8238162117753,228.82381621177532,5.946030599699409,5.946030599699409
Catalan,ca,1745361.0,655259.0,1090102,16021578.0,29,451277,1232,25.405532635912106,25.405532635912103,1.2090372147142945,1.2090372147142945
Serbian,sr,3700555.0,344859.0,3355696,12160627.0,17,328140,1002,311.1509961553204,311.1509961553204,1.6599217638629133,1.6599217638629133
Indonesian,id,3376186.0,491226.0,2884960,15865016.0,44,1409469,3327,162.0806057006591,162.08060570065913,2.8663059772858435,2.8663059772858435
Korean,ko,3052771.0,605961.0,2446810,28516350.0,28,789048,1741,152.3038407308653,152.30384073086532,2.3302829698064444,2.3302829698064444
Norwegian (Bokmål),no,1745690.0,603165.0,1142525,17254589.0,42,582457,1152,35.46472961293216,35.46472961293217,1.5552670619843982,1.5552670619843982
Chechen,ce,683735.0,95155.0,588580,2648222.0,3,33931,50,148.18844863457042,148.1884486345704,0.10590953574491574,0.10590953574491577
Finnish,fi,1441244.0,545114.0,896130,17741945.0,33,546870,1611,33.26833586972585,33.268335869725846,1.9673099001641832,1.967309900164183
Hungarian,hu,1428431.0,446793.0,981638,21088212.0,25,533984,1613,71.26404923571756,71.26404923571756,2.449467184440419,2.4494671844404197
Czech,cs,1467718.0,522604.0,945114,17156311.0,31,621964,2429,38.22999346236205,38.22999346236205,2.559273604310009,2.559273604310009
Turkish,tr,2446364.0,507497.0,1938867,24469926.0,19,1502133,3225,145.99589943943417,145.99589943943417,1.5588382408645023,1.5588382408645023
Tatar,tt,351158.0,68676.0,282482,1282288.0,6,46816,101,61.78095056482009,61.78095056482009,0.19442276641613138,0.19442276641613135
Serbo-Croatian,sh,4393856.0,203933.0,4189923,24307725.0,8,185922,193,2335.261730247256,2335.261730247256,0.9439164221749438,0.9439164221749439
Romanian,ro,2493307.0,255185.0,2238122,10525659.0,17,619342,1109,324.73624686238026,324.7362468623803,1.1270731107686274,1.1270731107686276
Southern Min,zh-min-nan,666403.0,31267.0,635136,1004593.0,6,57751,89,622.0341610562481,622.0341610562482,0.28314928441099074,0.28314928441099074
Basque,eu,661182.0,209317.0,451865,4815553.0,12,148890,574,33.94169675957875,33.94169675957875,0.7273726309143489,0.7273726309143489
Malay,ms,1001619.0,306324.0,695295,4060238.0,16,314649,625,20.884548994001406,20.88454899400141,0.29242241759858323,0.29242241759858323
Esperanto,eo,716271.0,302669.0,413602,4890742.0,16,210161,343,12.750486674998486,12.750486674998488,0.24365428299458292,0.2436542829945829
Hebrew,he,1417970.0,333656.0,1084314,31469715.0,32,1080785,3373,234.3894282015684,234.38942820156834,7.202925192486029,7.202925192486029
Armenian,hy,937009.0,229478.0,707531,5482038.0,11,133026,447,55.61694284395039,55.61694284395039,0.6667551395186754,0.6667551395186754
Danish,da,909936.0,275736.0,634200,8393118.0,25,456198,756,48.79530248741566,48.79530248741566,0.8789287594104562,0.8789287594104561
Bulgarian,bg,616728.0,255858.0,360870,8088763.0,25,326230,733,26.091076747521146,26.091076747521143,1.0391070960731053,1.039107096073105
Welsh,cy,253842.0,94749.0,159093,1686369.0,16,80907,111,18.73018219306585,18.730182193065854,0.24486258443363215,0.24486258443363218
Slovak,sk,474493.0,160167.0,314326,4940034.0,10,234981,609,40.0972564055428,40.0972564055428,0.5295316682340623,0.5295316682340624
South Azerbaijani,azb,386614.0,53640.0,332974,787048.0,4,42935,103,78.44526804706936,78.44526804706935,0.12126373649364816,0.12126373649364815
Uzbek,uz,851106.0,238607.0,612499,2363271.0,19,98250,577,18.296763762505964,18.296763762505964,0.7953328711159988,0.795332871115999
Estonian,et,439677.0,116181.0,323496,5192711.0,34,179682,699,91.56468684125804,91.56468684125802,4.349564039674597,4.349564039674597
Kazakh,kk,550586.0,183434.0,367152,1555529.0,14,130411,274,11.31840087186193,11.31840087186193,0.16633490065664372,0.16633490065664375
Belarusian,be,663854.0,226589.0,437265,2863950.0,10,130261,251,16.06588458383354,16.06588458383354,0.1604198339801549,0.1604198339801549
Simple English,simple,752102.0,230153.0,521949,6982523.0,18,1311992,1284,47.748363415704716,47.74836341570472,0.370897070363012,0.37089707036301206
Minangkabau,min,270536.0,109266.0,161270,575928.0,5,17588,39,4.637460367830665,4.637460367830665,0.03483612372517507,0.03483612372517506
Greek,el,653711.0,222259.0,431452,8534820.0,21,392973,1128,49.198836730644075,49.19883673064408,1.5277327401238732,1.5277327401238732
Croatian,hr,437259.0,200946.0,236313,4666965.0,12,294771,587,14.760881122940061,14.760881122940061,0.2999429283546334,0.29994292835463343
Lithuanian,lt,513620.0,207242.0,306378,4400253.0,10,175875,352,18.72385741239023,18.723857412390227,0.25348605715526873,0.25348605715526873
Galician,gl,487513.0,188766.0,298747,4409654.0,8,135905,280,22.655720206118175,22.655720206118175,0.23594494449687425,0.23594494449687425
Azerbaijani,az,530636.0,192232.0,338404,5655533.0,16,270573,680,33.029076976876254,33.029076976876254,0.7544510584202497,0.7544510584202497
Urdu,ur,953020.0,104132.0,848888,3169690.0,11,163697,274,221.02792382137585,221.02792382137588,0.4992102422974065,0.4992102422974065
Slovene,sl,456689.0,180353.0,276336,4154303.0,21,222313,378,21.35530655950584,21.35530655950584,0.4976659750094128,0.4976659750094128
Georgian,ka,467749.0,162707.0,305042,3380114.0,6,151015,252,25.39950683805056,25.399506838050552,0.13564493644837053,0.13564493644837053
Ladin,lld,171569.0,166000.0,5569,-1177803.0,3,3768,25,-0.007726309407891559,-0.007726309407891564,-0.0045840921083199985,-0.0045840921083199985
Norwegian (Nynorsk),nn,365862.0,151274.0,214588,2237304.0,14,128202,149,12.305236859478454,12.305236859478455,0.14114592363785447,0.14114592363785444
Hindi,hi,1254517.0,156747.0,1097770,4271883.0,6,762016,1116,167.01944642015374,167.01944642015374,0.2095589790824254,0.2095589790824254
Thai,th,1004632.0,132737.0,871895,9932790.0,17,449458,1145,426.58799047154866,426.5879904715487,2.8125595641021883,2.8125595641021883
Tamil,ta,483983.0,148854.0,335129,2317643.0,35,219792,279,24.272775267269562,24.272775267269555,0.47899204468164586,0.4789920446816459
Bengali,bn,1165324.0,133809.0,1031515,5275610.0,14,421036,1081,269.0335468227945,269.0335468227945,1.2544423665937168,1.2544423665937168
Latin,la,260327.0,119682.0,140645,2779344.0,17,168261,144,14.743955379731128,14.743955379731128,0.18253514551044028,0.18253514551044026
Macedonian,mk,445318.0,41562.0,403756,2207883.0,12,109298,238,467.89769745595925,467.89769745595925,1.2585612176149037,1.2585612176149032
Cantonese,zh-yue,298568.0,132640.0,165928,1597064.0,12,256698,312,8.370846763300964,8.370846763300964,0.09759725020130332,0.09759725020130333
Asturian,ast,235632.0,132599.0,103033,3966427.0,8,114192,111,10.163361873673557,10.163361873673558,0.10171349538531621,0.10171349538531621
Latvian,lv,488469.0,120369.0,368100,2829099.0,14,114692,310,54.16434155161314,54.16434155161313,0.6702223505297049,0.6702223505297049
Tajik,tg,239111.0,81722.0,157389,767073.0,6,39131,75,11.898930265965905,11.898930265965907,0.07105000245193005,0.07105000245193004
Afrikaans,af,345471.0,73686.0,271785,1760373.0,13,162832,193,69.3224824343843,69.3224824343843,0.2895972998228657,0.2895972998228657
Burmese,my,161642.0,38421.0,123221,549244.0,4,111339,144,34.94968255910207,34.94968255910208,0.0563770487933694,0.056377048793369404
Malagasy,mg,161025.0,10014.0,151011,309903.0,3,30717,54,437.6575909079668,437.6575909079668,0.1530628113372842,0.1530628113372842
Marathi,mr,290608.0,78272.0,212336,1013108.0,9,154102,164,25.65562392289529,25.655623922895288,0.09058232471225619,0.09058232471225619
Bosnian,bs,369805.0,89219.0,280586,2697994.0,9,152517,171,72.15816725715283,72.15816725715283,0.23152463759409866,0.23152463759409866
Albanian,sq,267745.0,81335.0,186410,1685945.0,11,152234,266,33.075430399421464,33.075430399421464,0.2773808226220772,0.2773808226220772
Occitan,oc,122209.0,51492.0,70717,1224766.0,4,51356,120,18.90244865575967,18.902448655759667,0.12864237408650248,0.12864237408650245
Low German,nds,164042.0,83111.0,80931,554306.0,4,51269,55,3.2041092939112987,3.2041092939112983,0.014119481770884706,0.014119481770884706
Malayalam,ml,508367.0,83674.0,424693,3367168.0,15,171641,252,170.63046660708116,170.63046660708113,0.740359698809962,0.7403596988099621
Telugu,te,324546.0,82837.0,241709,3192617.0,13,121323,183,83.75437067751682,83.7543706775168,0.5628469559781475,0.5628469559781475
Belarusian (Taraškievica),be-tarask,208611.0,54460.0,154151,1731429.0,4,80560,130,66.49743615913214,66.49743615913214,0.1516422004919523,0.1516422004919523
Kyrgyz,ky,60368.0,30269.0,30099,302748.0,2,36368,70,4.958867248541534,4.958867248541535,0.019197165361469603,0.0191971653614696
Breton,br,150910.0,80018.0,70892,1319154.0,6,74298,92,6.861144290650455,6.861144290650455,0.057537232732572746,0.057537232732572746
Swahili,sw,164025.0,77254.0,86771,756260.0,18,61053,172,5.816588475840245,5.816588475840246,0.26260842452603284,0.2626084245260328
Javanese,jv,179803.0,70099.0,109704,842052.0,5,57686,96,11.469995801954557,11.469995801954559,0.060985056465645684,0.06098505646564569
Newar,new,102809.0,8889.0,93920,478822.0,2,26319,15,519.9401041662256,519.9401041662256,0.05609188174745707,0.056091881747457065
Lombard,lmo,105151.0,34073.0,71078,558451.0,5,40391,74,23.11113728490259,23.111137284902593,0.10148774668432492,0.10148774668432493
Western Punjabi,pnb,122422.0,69978.0,52444,57008.0,2,34995,64,0.26154408352870057,0.26154408352870057,0.0012764816889342717,0.0012764816889342715
Venetian,vec,141303.0,69170.0,72133,823574.0,4,33946,43,6.338458970174951,6.338458970174951,0.030796921378129023,0.03079692137812902
Haitian Creole,ht,35116.0,19826.0,15290,189934.0,3,30610,71,3.216936151974789,3.2169361519747888,0.0290259425681475,0.0290259425681475
Piedmontese,pms,75453.0,39908.0,35545,498930.0,4,26490,41,5.245660944723379,5.245660944723379,0.036462257276214,0.03646225727621401
Bashkir,ba,175506.0,61320.0,114186,187104.0,7,38069,90,3.696685728437179,3.6966857284371795,0.032852687148069624,0.03285268714806962
Luxembourgish,lb,114848.0,42000.0,72848,2103040.0,6,58080,73,55.088478993649666,55.08847899364966,0.23951898455741,0.23951898455741005
Sundanese,su,97140.0,60723.0,36417,161243.0,6,29904,58,0.5970142038481129,0.5970142038481127,0.011584670269439183,0.011584670269439185
Kurdish (Kurmanji),ku,110924.0,52512.0,58412,704387.0,3,55644,91,7.857291117080476,7.857291117080477,0.034655616753345386,0.03465561675334538
Irish,ga,70243.0,28881.0,41362,607041.0,7,56343,86,17.725299439411916,17.72529943941192,0.13223937887784157,0.13223937887784157
Silesian,szl,27456.0,13704.0,13752,185294.0,2,23253,46,6.796121240667037,6.796121240667036,0.02679485677388778,0.02679485677388778
Icelandic,is,147101.0,56733.0,90368,1209198.0,19,91675,149,20.8564139423324,20.856413942332395,0.4043427562426638,0.4043427562426638
West Frisian,fy,157636.0,51529.0,106107,760447.0,8,46001,81,20.454938943509628,20.454938943509624,0.13993089092355634,0.13993089092355634
Chuvash,cv,80900.0,28312.0,52588,359253.0,2,32993,48,15.320893409711463,15.320893409711461,0.024000341012377635,0.024000341012377635
Punjabi,pa,147578.0,37627.0,109951,411879.0,10,45686,125,23.831271236129957,23.831271236129954,0.22313849368181662,0.22313849368181662
Kurdish (Sorani),ckb,205860.0,49900.0,155960,940957.0,8,56513,153,44.65017555370574,44.65017555370575,0.30941655411120716,0.3094165541112072
Tagalog,tl,238171.0,44734.0,193437,1283692.0,11,132313,177,100.78028541964086,100.78028541964088,0.3429550516178681,0.34295505161786816
Aragonese,an,130073.0,39514.0,90559,1050768.0,6,72690,78,42.43077133483504,42.43077133483504,0.11919869158880897,0.11919869158880898
Wu Chinese,wuu,55544.0,41269.0,14275,232087.0,4,82906,56,0.4999401375711615,0.49994013757116146,0.0039050616110445123,0.003905061611044512
Zaza,diq,61383.0,40512.0,20871,411449.0,3,26539,28,1.7790454740616106,1.7790454740616108,0.010930051461741514,0.010930051461741516
Ido,io,55849.0,37710.0,18139,405021.0,5,35750,59,1.6779374109757814,1.6779374109757812,0.028784912825904282,0.028784912825904282
Scots,sco,140403.0,36101.0,104302,647410.0,3,102896,82,38.49016953256453,38.490169532564536,0.03185026387524801,0.031850263875248
Volapük,vo,134863.0,18594.0,116269,2545540.0,2,33839,37,738.0220385966143,738.0220385966142,0.2581026238110286,0.25810262381102855
Yoruba,yo,56571.0,32659.0,23912,287501.0,3,26745,80,2.724404207832486,2.724404207832486,0.03339082600816986,0.03339082600816986
Nepali,ne,105900.0,30918.0,74982,959917.0,6,62735,93,53.31249130188889,53.312491301888876,0.19552740970854754,0.19552740970854754
Interlingua,ia,44984.0,30261.0,14723,392490.0,6,47475,38,2.065363980214689,2.0653639802146895,0.02038700529622824,0.02038700529622824
Gujarati,gu,122974.0,29886.0,93088,514498.0,3,73807,63,40.59029485573964,40.59029485573964,0.033370333712219764,0.03337033371221977
Kannada,kn,134694.0,30002.0,104692,971108.0,4,81188,106,87.79016415352675,87.79016415352675,0.13138826714798238,0.13138826714798238
Alemannic German,als,70692.0,28674.0,42018,799217.0,9,98045,90,24.276643231072523,24.27664323107252,0.13686774380164551,0.13686774380164551
Kotava,avk,33627.0,27610.0,6017,136511.0,6,4103,30,0.192799868732096,0.19279986873209598,0.038811829705539834,0.038811829705539834
Bavarian,bar,109252.0,26835.0,82417,692881.0,3,66663,68,59.82182543522679,59.821825435226785,0.05960597167806909,0.059605971678069095
Hausa,ha,46071.0,26713.0,19358,-192982.0,7,22625,175,-2.19970684750462,-2.19970684750462,-0.16435180805812177,-0.1643518080581218
Sicilian,scn,32949.0,3309.0,29640,285831.0,3,43199,45,696.0331987677997,696.0331987677997,0.24283349887888023,0.2428334988788802
Crimean Tatar,crh,47097.0,25583.0,21514,188391.0,2,19373,32,2.8288263852911633,2.8288263852911633,0.011112702711635326,0.011112702711635326
Bishnupriya Manipuri,bpy,61245.0,23053.0,38192,817021.0,2,24441,20,36.61444733477541,36.61444733477541,0.03617000361037086,0.03617000361037085
Quechua (Southern Quechua),qu,54197.0,20835.0,33362,325234.0,2,28593,44,15.386429084166448,15.386429084166444,0.029573465148833085,0.02957346514883308
Navajo,nv,36800.0,22252.0,14548,273939.0,2,16276,17,3.181812103988312,3.1818121039883125,0.010166501389871255,0.010166501389871255
Mongolian,mn,99611.0,21841.0,77770,578906.0,3,84127,101,73.68513965208295,73.68513965208295,0.07453282066929778,0.07453282066929778
Mingrelian,xmf,36912.0,19793.0,17119,169265.0,5,18333,31,3.4303080534087234,3.4303080534087242,0.03353239052409991,0.03353239052409992
Balinese,ban,37911.0,19265.0,18646,109813.0,4,7198,32,2.7134501610047264,2.7134501610047264,0.04985437888467398,0.04985437888467397
Sinhala,si,88218.0,19153.0,69065,519834.0,3,63200,95,76.62136571831046,76.62136571831046,0.09582006539812479,0.09582006539812478
Pashto,ps,59019.0,16658.0,42361,235905.0,1,30257,45,25.848300339022906,25.848300339022906,0.015117336969316239,0.01511733696931624
North Frisian,frr,44243.0,17398.0,26845,210098.0,4,19119,33,11.305909744613416,11.305909744613418,0.05058831223196193,0.050588312231961925
Samogitian,bat-smg,29699.0,17154.0,12545,148756.0,4,25128,25,2.678817856900486,2.6788178569004866,0.014577397687101009,0.014577397687101012
Ossetian,os,60753.0,14578.0,46175,305707.0,3,23698,25,50.48421077304128,50.48421077304128,0.05044245105787685,0.05044245105787685
Odia,or,71644.0,13653.0,57991,384749.0,6,33384,50,96.88637111544722,96.88637111544722,0.20498074399990265,0.20498074399990263
Yakut,sah,49865.0,16559.0,33306,239931.0,3,23712,45,19.465577099889906,19.46557709988991,0.055099098659186704,0.055099098659186704
Eastern Min,cdo,23829.0,7340.0,16489,76265.0,4,20289,24,16.151615727607773,16.151615727607773,0.034019529767392975,0.034019529767392975
Scottish Gaelic,gd,32219.0,15929.0,16290,250912.0,5,26982,29,8.144689257508547,8.144689257508546,0.04279921580513417,0.04279921580513417
Buginese,bug,20096.0,15825.0,4271,47408.0,1,12944,16,0.17183582706495074,0.17183582706495068,0.0007870083555154489,0.000787008355515449
Mazanderani,mzn,34476.0,15773.0,18703,-40756.0,4,33394,38,-1.6621439096436224,-1.6621439096436221,-0.0063803837046436124,-0.006380383704643613
Yiddish,yi,44358.0,15455.0,28903,565851.0,3,48475,48,44.61469805823184,44.61469805823183,0.07086776216345492,0.07086776216345492
Sindhi,sd,56768.0,15462.0,41306,105214.0,4,17058,29,13.227107449977634,13.227107449977632,0.03367032348990744,0.03367032348990744
Ilocano,ilo,68275.0,13390.0,54885,185112.0,2,16919,25,45.553216449456855,45.55321644945685,0.03284288273776227,0.03284288273776227
Igbo,ig,14735.0,7170.0,7565,-358770.0,4,16261,100,-27.104757980656032,-27.104757980656025,-0.631929309195642,-0.631929309195642
Amharic,am,38462.0,7499.0,30963,299162.0,1,43328,54,132.60317500070965,132.60317500070965,0.0400257391534051,0.04002573915340509
Neapolitan,nap,23840.0,14774.0,9066,452577.0,3,29151,29,7.148607761227759,7.148607761227759,0.03476719419972366,0.03476719419972366
Limburgish,li,66418.0,14304.0,52114,459113.0,7,27854,27,91.75455023320062,91.75455023320062,0.17088539099731018,0.17088539099731012
Tumbuka,tum,27765.0,14233.0,13532,-36107.0,3,7769,21,-1.1755058849522328,-1.1755058849522328,-0.010026161500881208,-0.010026161500881207
Faroese,fo,40546.0,13929.0,26617,212074.0,3,28539,33,19.099312921399505,19.099312921399513,0.03467169081250052,0.03467169081250053
Gorontalo,gor,14841.0,6903.0,7938,-82066.0,2,4777,26,-7.3121744355874325,-7.312174435587434,-0.06921837897412089,-0.06921837897412089
Upper Sorbian,hsb,35531.0,13896.0,21635,346026.0,4,24137,26,23.606711362093364,23.606711362093357,0.06533087046397554,0.06533087046397554
Banyumasan,map-bms,30345.0,13879.0,16466,212892.0,1,15688,22,9.874885547404403,9.874885547404402,0.011672321350049104,0.011672321350049104
Maithili,mai,40574.0,13755.0,26819,126199.0,5,12914,26,11.824207973085382,11.824207973085384,0.0610481692377688,0.06104816923776879
Central Bikol,bcl,38596.0,13743.0,24853,216273.0,2,21484,40,18.325446011478267,18.325446011478267,0.03773393729559088,0.03773393729559088
Shan,shn,30407.0,13075.0,17332,58926.0,2,3810,13,3.4052370731784563,3.4052370731784563,0.017530275542501094,0.017530275542501094
Emilian-Romagnol,eml,35221.0,13032.0,22189,99792.0,3,24803,33,8.213861243671207,8.213861243671207,0.019255361857139424,0.01925536185713942
Acehnese,ace,26756.0,12735.0,14021,82923.0,3,25762,27,3.7567638691895358,3.7567638691895358,0.010728507308365552,0.010728507308365554
Classical Chinese,zh-classical,100012.0,10607.0,89405,261138.0,6,98086,61,185.50534978490583,185.5053497849058,0.08212232972169019,0.08212232972169019
Sanskrit,sa,73086.0,12052.0,61034,321280.0,3,37590,46,112.73919208765949,112.73919208765949,0.08172764194763937,0.08172764194763936
Assamese,as,86412.0,11825.0,74587,339803.0,5,37581,108,156.45056362391384,156.45056362391387,0.35640235873785914,0.35640235873785914
Walloon,wa,27936.0,11792.0,16144,319936.0,4,23444,24,21.465758818032405,21.46575881803241,0.06420400019908813,0.06420400019908813
Interlingue,ie,15576.0,11649.0,3927,46736.0,2,18381,39,0.3409887988899952,0.3409887988899952,0.004292332184740055,0.004292332184740055
Ligurian,lij,26862.0,11134.0,15728,224405.0,7,15470,24,16.670120975923243,16.670120975923243,0.12815496490975273,0.1281549649097527
Zulu,zu,22829.0,9182.0,13647,29454.0,1,19237,44,2.850080984795011,2.850080984795012,0.004386040413509325,0.004386040413509326
Meadow Mari,mhr,28496.0,10912.0,17584,145388.0,1,13860,26,13.248639889541616,13.248639889541616,0.015422972906062572,0.015422972906062572
Western Armenian,hyw,20687.0,8766.0,11921,107498.0,5,8780,37,9.610042606787362,9.610042606787362,0.1488988364349004,0.14889883643490043
Fiji Hindi,hif,43285.0,8654.0,34631,243184.0,4,31681,45,89.96920000289278,89.96920000289278,0.12773777317011203,0.12773777317011206
Shona,sn,19295.0,10556.0,8739,92716.0,1,16708,29,3.293325216560546,3.2933252165605458,0.006904715567968714,0.006904715567968714
Hill Mari,mrj,19327.0,10431.0,8896,80581.0,1,10483,12,3.03253529093285,3.0325352909328496,0.0040703588123131886,0.004070358812313189
Banjarese,bjn,29308.0,10281.0,19027,87659.0,3,13591,38,10.24425185771966,10.24425185771966,0.046430004633872146,0.046430004633872146
Meitei,mni,16426.0,10215.0,6211,17085.0,2,3247,15,0.3845293388156532,0.3845293388156532,0.0058431265053927595,0.00584312650539276
Khmer,km,34517.0,10163.0,24354,236989.0,6,39348,68,39.42683343396497,39.42683343396498,0.17060078388898353,0.17060078388898353
Hakka Chinese,hak,19399.0,10085.0,9314,122571.0,1,31652,30,5.389258909573051,5.389258909573052,0.005530810962670183,0.005530810962670182
Somali,so,19112.0,1950.0,17162,184433.0,1,35113,88,747.4791212910696,747.4791212910696,0.21285336276162245,0.21285336276162245
Tarantino,roa-tara,18060.0,9319.0,8741,81836.0,3,11243,14,3.9866697855968054,3.986669785596805,0.01587762483289395,0.01587762483289396
Kapampangan,pam,21526.0,8909.0,12617,102652.0,2,20297,22,9.564414024321879,9.564414024321879,0.014640369852534436,0.014640369852534436
Rusyn,rue,18574.0,8413.0,10161,80015.0,1,27582,31,6.2840132669261255,6.284013266926126,0.005847732130686431,0.00584773213068643
Northern Sotho,nso,10852.0,8548.0,2304,40357.0,1,6401,16,0.27017490799235655,0.27017490799235655,0.0025055276882937822,0.002505527688293782
Bihari (Bhojpuri),bh,71716.0,7010.0,64706,722595.0,2,32481,51,858.4835237309856,858.4835237309857,0.29206277634662275,0.2920627763466228
Santali,sat,18965.0,8342.0,10623,114080.0,3,6729,34,9.75462677592627,9.75462677592627,0.11611365740503152,0.11611365740503152
Northern Sámi,se,19477.0,6391.0,13086,147045.0,5,27712,21,31.65223593317475,31.65223593317475,0.05857168587908489,0.05857168587908487
Māori,mi,13764.0,7133.0,6631,114572.0,2,17868,24,7.19361909715751,7.193619097157511,0.020787675455233325,0.02078767545523333
Erzya,myv,23145.0,2855.0,20290,48239.0,4,12462,25,105.26717787884168,105.2671778788417,0.11885824096741249,0.1188582409674125
West Flemish,vls,21612.0,7781.0,13831,197697.0,5,25901,27,28.902902123886975,28.902902123886975,0.08475015922503272,0.0847501592250327
Dutch Low Saxon,nds-nl,20189.0,7179.0,13010,188603.0,6,27136,28,30.680361672902105,30.68036167290211,0.10481189735773483,0.10481189735773483
Sardinian,sc,16746.0,7400.0,9346,-22663.0,4,23412,33,-2.1587106087674246,-2.1587106087674246,-0.009636865211027126,-0.009636865211027128
Cornish,kw,14363.0,7016.0,7347,146277.0,2,14741,30,11.167907374377759,11.16790737437776,0.04340858687214944,0.04340858687214945
Dagbani,dag,11102.0,6907.0,4195,-50742.0,1,2801,44,-1.6859759541109973,-1.6859759541109978,-0.043606219323335915,-0.04360621932333592
Veps,vep,33313.0,6853.0,26460,153293.0,1,15202,23,68.6004231929825,68.60042319298252,0.026880961239373048,0.026880961239373048
Gilaki,glk,14306.0,6816.0,7490,47168.0,4,15186,22,3.981380756535708,3.981380756535708,0.020995235658310206,0.020995235658310206
Moroccan Arabic,ary,57050.0,6713.0,50337,255326.0,7,9441,58,251.640625442335,251.640625442335,1.4431720534059589,1.4431720534059593
Turkmen,tk,16377.0,6702.0,9675,107978.0,3,26754,38,13.740230883535993,13.740230883535991,0.040556793252046204,0.040556793252046204
Kabyle,kab,15686.0,6024.0,9662,-29570.0,2,12906,23,-4.849570238201625,-4.849570238201623,-0.010776738747879334,-0.010776738747879334
Gan Chinese,gan,33013.0,5893.0,27120,295214.0,1,40220,26,189.39061119557314,189.39061119557314,0.026603359496738557,0.026603359496738553
Lhasa Tibetan,bo,18196.0,6581.0,11615,23228.0,1,28187,25,3.976404310193176,3.976404310193176,0.001998270908095426,0.001998270908095426
Corsican,co,15263.0,6577.0,8686,384336.0,2,21235,37,43.91927152480762,43.91927152480761,0.11588910242979993,0.11588910242979993
Võro,fiu-vro,12351.0,6501.0,5850,73926.0,4,13831,33,4.8467038796146396,4.8467038796146396,0.05140331601958774,0.05140331601958774
Abkhaz,ab,22028.0,6074.0,15954,58180.0,2,19019,19,18.221673029295562,18.22167302929556,0.013860834161443576,0.013860834161443574
Kinyarwanda,rw,13327.0,6014.0,7313,79862.0,1,12265,30,8.860782650579788,8.860782650579788,0.017823526502459063,0.01782352650245906
Manx,gv,23895.0,5960.0,17935,183817.0,3,19286,19,69.66086799195608,69.66086799195608,0.06841738227058172,0.06841738227058171
Nahuatl,nah,17418.0,5927.0,11491,519207.0,3,21673,21,112.04385624301065,112.04385624301064,0.16799125272992504,0.16799125272992504
Uyghur,ug,13685.0,4137.0,9548,106559.0,1,21101,23,41.47621464588997,41.47621464588996,0.019588312435665244,0.019588312435665244
Zeelandic,zea,10768.0,5736.0,5032,-2461.0,3,12731,23,-0.17588935097520436,-0.17588935097520433,-0.0010866623726190285,-0.0010866623726190285
Saraiki,skr,6568.0,5717.0,851,-53849.0,2,1889,12,-0.181663314726596,-0.18166331472659597,-0.01550547768172765,-0.015505477681727647
Franco-Provençal,frp,16191.0,5671.0,10520,189055.0,2,15702,24,40.18154948642518,40.181549486425176,0.06621507142899154,0.06621507142899154
Udmurt,udm,18370.0,5442.0,12928,73081.0,3,14554,22,22.45127125535742,22.45127125535742,0.04285778245085197,0.04285778245085197
Picard,pcd,10734.0,5535.0,5199,42386.0,3,16822,24,3.483896362197193,3.4838963621971937,0.01587515238831363,0.01587515238831363
Komi,kv,17400.0,5507.0,11893,74744.0,1,13973,21,20.034558315494408,20.034558315494408,0.013942256413804486,0.013942256413804489
Kashubian,csb,8397.0,5090.0,3307,74280.0,3,16211,25,3.7340537663949704,3.7340537663949704,0.026589833144078926,0.026589833144078923
Maltese,mt,19954.0,5375.0,14579,226434.0,5,21552,33,83.48533715132734,83.48533715132736,0.23564449792247344,0.23564449792247347
Guarani,gn,12540.0,5274.0,7266,67351.0,2,17699,36,10.194291503323612,10.19429150332361,0.030101320445884698,0.030101320445884695
Inari Sámi,smn,16814.0,5097.0,11717,83974.0,7,3202,21,26.39230918773981,26.3923091877398,0.5270740093816911,0.5270740093816914
Aymara,ay,8687.0,5058.0,3629,53071.0,1,16110,25,3.1448775179570183,3.1448775179570174,0.006802053773419906,0.006802053773419906
Norman,nrm,10414.0,4848.0,5566,47009.0,2,12941,17,5.950104882259459,5.950104882259457,0.013616174548457077,0.013616174548457075
Lezgian,lez,13772.0,4348.0,9424,82009.0,3,10388,21,27.974091189967286,27.97409118996729,0.07827423877084198,0.078274238770842
Lingua Franca Nova,lfn,6721.0,4201.0,2520,36816.0,1,10793,27,1.9710535543877017,1.971053554387702,0.008220006335438384,0.008220006335438382
Mirandese,mwl,10574.0,4156.0,6418,96866.0,1,12799,22,21.846426499223426,21.84642649922342,0.024316601399686177,0.024316601399686173
Livvi-Karelian,olo,11543.0,4145.0,7398,-27548.0,2,6563,14,-7.602404316497341,-7.602404316497341,-0.018172588721626182,-0.018172588721626182
Saterland Frisian,stq,10755.0,4094.0,6661,88916.0,5,13047,15,21.88530951846099,21.885309518460996,0.07732353470377905,0.07732353470377905
Kashmiri,ks,12400.0,4017.0,8383,59006.0,2,10198,19,20.72381747715831,20.723817477158313,0.037003321852494275,0.037003321852494275
Lao,lo,13488.0,3990.0,9498,12688.0,3,17318,31,5.330453409900746,5.330453409900746,0.012025138733152795,0.012025138733152795
Old English,ang,16964.0,3829.0,13135,93834.0,2,121913,50,65.09106655851949,65.09106655851949,0.015564194831154057,0.015564194831154055
Friulian,fur,8855.0,3849.0,5006,110105.0,2,13904,18,21.03315121196235,21.033151211962345,0.04187204302671016,0.04187204302671016
Romansh,rm,9623.0,3760.0,5863,110094.0,3,19493,23,27.817446647962146,27.817446647962143,0.06314742161121369,0.06314742161121369
Judaeo-Spanish,lad,13005.0,3627.0,9378,207508.0,4,20597,22,106.67185163016401,106.67185163016403,0.17626491019517201,0.17626491019517204
Konkani (Goan Konkani),gom,9354.0,3574.0,5780,186768.0,4,9593,18,52.22178147546315,52.221781475463146,0.24235748932266393,0.24235748932266393
Extremaduran,ext,8147.0,3488.0,4659,68310.0,2,16872,24,14.959567489386142,14.959567489386142,0.03186232578372996,0.03186232578372997
Permyak,koi,11592.0,3443.0,8149,60222.0,1,8313,13,29.102573334448135,29.102573334448138,0.019228688718990437,0.019228688718990437
Tuvan,tyv,11879.0,3437.0,8442,-260.0,1,8709,38,-0.1320459535152251,-0.13204595351522513,-0.00023457114480103316,-0.0002345711448010332
Moksha,mdf,14694.0,3252.0,11442,51234.0,3,9091,17,43.16393615080077,43.16393615080077,0.06882213691698838,0.06882213691698838
Lower Sorbian,dsb,11240.0,3342.0,7898,79193.0,1,18005,27,39.34973860391281,39.34973860391281,0.02496903777245881,0.02496903777245881
Avar,av,15975.0,3337.0,12638,86088.0,2,14245,21,77.29404582618695,77.29404582618695,0.06017425647512552,0.06017425647512552
Lingala,ln,8717.0,3328.0,5389,103172.0,4,12621,15,31.03448446620573,31.03448446620573,0.09111233003934731,0.09111233003934731
Doteli,dty,19837.0,3327.0,16510,201050.0,3,6055,14,249.5839357351713,249.58393573517134,0.34886507915297366,0.3488650791529737
Karakalpak,kaa,9635.0,3325.0,6310,33896.0,5,11354,41,12.66986977860546,12.669869778605458,0.12054228307793458,0.12054228307793458
Papiamento,pap,6616.0,3222.0,3394,26254.0,5,14168,17,4.403242338986003,4.403242338986003,0.0250782174512404,0.025078217451240403
Twi,tw,6521.0,3184.0,3337,90291.0,2,14922,62,15.208856350982817,15.208856350982815,0.12058910166789252,0.12058910166789252
Chavacano (Zamboanga),cbk-zam,8274.0,3121.0,5153,32751.0,1,14081,14,10.790505639575702,10.790505639575702,0.006497854156740544,0.006497854156740544
Maldivian,dv,11465.0,3030.0,8435,126046.0,4,24385,16,85.2000649649797,85.2000649649797,0.08032573008156604,0.08032573008156604
Ripuarian,ksh,10015.0,2368.0,7647,1579141.0,3,22192,16,1644.3290904483738,1644.3290904483742,1.1013469201012,1.1013469201012003
Gagauz,gag,5367.0,1561.0,3806,60854.0,1,13569,23,67.40456288212367,67.40456288212366,0.0468601213919089,0.0468601213919089
Buryat (Russia Buriat),bxr,11083.0,2772.0,8311,63043.0,1,14713,21,51.13280894720867,51.13280894720867,0.02434207826585726,0.024342078265857256
Palatine German,pfl,6927.0,2741.0,4186,69274.0,4,11387,12,23.324130064989212,23.324130064989212,0.06437943824152202,0.06437943824152202
Luganda,lg,6750.0,2703.0,4047,24398.0,2,7924,20,8.10260693756046,8.10260693756046,0.0273182664921722,0.027318266492172203
Zhuang (Standard Zhuang),za,4979.0,2600.0,2379,26836.0,2,10309,16,4.512506547499497,4.512506547499498,0.015308413680654016,0.015308413680654012
Pali,pi,2123.0,16.0,2107,16473.0,2,7032,9,134558.70852162328,134558.70852162328,2.615537194010343,2.615537194010343
Sakizaya,szy,5571.0,2512.0,3059,101671.0,1,2688,12,27.063478768356063,27.063478768356067,0.09921463985970912,0.0992146398597091
Pangasinan,pag,6512.0,2510.0,4002,64619.0,1,7992,10,25.226242520447496,25.226242520447492,0.01979674224647036,0.01979674224647036
Hawaiian,haw,5619.0,2500.0,3119,43881.0,1,16246,22,12.155370929802455,12.155370929802457,0.013193775256946077,0.013193775256946077
Awadhi,awa,5564.0,2434.0,3130,25144.0,2,2436,10,7.47299641639373,7.4729964163937295,0.04771157157415745,0.04771157157415744
Atayal,tay,2898.0,2430.0,468,54710.0,1,1463,8,0.700240930550467,0.7002409305504672,0.019881702639321326,0.019881702639321326
Pa'O,blk,5734.0,2391.0,3343,26275.0,3,892,22,8.957743799849744,8.957743799849746,0.4740464708664678,0.47404647086646773
Ingush,inh,13327.0,2174.0,11153,61062.0,2,3870,22,120.58768341015181,120.58768341015178,0.26724679225092285,0.2672467922509228
Karachay-Balkar,krc,13992.0,1703.0,12289,62378.0,1,10148,14,232.14291957222585,232.14291957222582,0.04438141278819592,0.044381412788195906
Kalmyk Oirat,xal,12170.0,2049.0,10121,38928.0,1,9799,16,78.04308819652108,78.04308819652108,0.025798306895733453,0.025798306895733456
Pennsylvania Dutch,pdc,5921.0,2003.0,3918,56474.0,1,31999,18,36.493914745030956,36.493914745030956,0.01049477348726925,0.010494773487269248
Tongan,to,5418.0,1964.0,3454,30553.0,2,9945,12,17.44120789977279,17.44120789977279,0.023933276785018536,0.023933276785018533
Atikamekw,atj,3077.0,1955.0,1122,15083.0,5,4149,14,1.6145534433472808,1.6145534433472812,0.04746362839875843,0.04746362839875843
Aramaic (Syriac),arc,6492.0,1886.0,4606,39181.0,2,19758,13,35.996601101043176,35.99660110104318,0.019395885740591347,0.019395885740591347
Tulu,tcy,10041.0,1881.0,8160,109331.0,3,5454,22,204.9127962400142,204.91279624001413,0.5716056573429826,0.5716056573429826
Mon,mnw,6281.0,1789.0,4492,40112.0,4,3214,18,40.26283369640329,40.26283369640329,0.35922086494127675,0.35922086494127675
Jamaican Patois,jam,3064.0,1707.0,1357,19387.0,1,8070,19,3.998660222184457,3.9986602221844576,0.011842632217371077,0.011842632217371077
Kabiye,kbp,3374.0,1697.0,1677,16411.0,2,4274,7,4.749986855367553,4.749986855367553,0.015744711433448928,0.015744711433448924
Wolof,wo,5412.0,1668.0,3744,73015.0,3,14677,15,67.97260107019108,67.97260107019108,0.09284730768663978,0.09284730768663976
Kabardian,kbd,6914.0,1605.0,5309,-4244.0,1,9603,17,-6.716165310169692,-6.716165310169693,-0.003594394004180704,-0.0035943940041807043
Nias,nia,3841.0,1569.0,2272,5470.0,3,1555,11,2.9861648979500277,2.986164897950028,0.04376349008229887,0.04376349008229887
Shilha,shi,4499.0,1536.0,2963,42171.0,2,2210,29,34.88018485925158,34.880184859251585,0.47454135067659586,0.4745413506765958
Novial,nov,4368.0,1467.0,2901,109227.0,2,11401,13,97.7873339568854,97.7873339568854,0.11277047069818717,0.11277047069818719
Kikuyu,ki,3092.0,1505.0,1587,17915.0,1,8507,9,6.442555683890584,6.442555683890585,0.006463739283042562,0.006463739283042562
N'Ko,nqo,3236.0,1481.0,1755,6697.0,2,3508,13,2.9061358407968667,2.9061358407968667,0.01817638912209198,0.01817638912209198
Bislama,bi,3334.0,1411.0,1923,42500.0,1,12745,9,23.677065497132567,23.677065497132567,0.012268127325250327,0.012268127325250325
Tok Pisin,tpi,5695.0,1359.0,4336,70081.0,1,13077,17,125.26974559118823,125.26974559118823,0.05104076515133789,0.05104076515133789
Tetum,tet,3804.0,1350.0,2454,32456.0,2,9424,18,28.19266080409186,28.192660804091858,0.059246472750513715,0.059246472750513715
Aromanian,roa-rup,3950.0,904.0,3046,176899.0,1,13619,14,508.4534743596289,508.4534743596289,0.1551217039222767,0.15512170392227667
Xhosa,xh,4034.0,1328.0,2706,-31748.0,1,12548,17,-32.67682951058045,-32.67682951058044,-0.021726241683697033,-0.02172624168369703
Lojban,jbo,5754.0,1328.0,4426,95757.0,1,15880,14,184.85335747498016,184.85335747498013,0.04889805065008051,0.04889805065008051
Oromo,om,4275.0,1316.0,2959,32368.0,1,10286,23,38.27876328818122,38.27876328818122,0.03806713026721567,0.03806713026721567
Fijian,fj,3624.0,1256.0,2368,30641.0,1,8834,12,30.053763403303797,30.0537634033038,0.021653627206548544,0.021653627206548547
Kongo (Kituba),kg,2943.0,1277.0,1666,18297.0,1,10560,12,10.581758009756589,10.581758009756589,0.00921703111594126,0.00921703111594126
Lak,lbe,15155.0,1217.0,13938,36217.0,1,8191,14,313.4557899920821,313.4557899920821,0.04677970988464985,0.04677970988464984
Tahitian,ty,3003.0,1219.0,1784,45014.0,1,7225,9,32.10513964313829,32.10513964313829,0.027326755863335002,0.027326755863335
Gun,guw,2247.0,1207.0,1040,3725.0,2,972,13,1.230765582683388,1.2307655826833883,0.03820818051180168,0.038208180511801686
Old Church Slavonic,cu,5647.0,1200.0,4447,83422.0,2,24431,18,202.8778233277748,202.87782332777485,0.0806696087020632,0.08066960870206322
Seediq,trv,2003.0,1136.0,867,66279.0,1,1569,19,19.274207501591665,19.274207501591665,0.30582037847948945,0.30582037847948945
Sranan Tongo,srn,2742.0,1118.0,1624,39253.0,1,7446,11,30.20604371286985,30.20604371286985,0.03071986327674804,0.03071986327674804
Samoan,sm,3350.0,1076.0,2274,21743.0,1,10112,12,28.98885332496457,28.988853324964573,0.016277849655187426,0.016277849655187433
Southern Altai,alt,4461.0,1068.0,3393,21822.0,3,2261,10,49.37277552829824,49.372775528298234,0.20620330770842893,0.20620330770842893
French Guianese Creole,gcr,2622.0,1064.0,1558,16658.0,1,2651,16,13.622029647099112,13.622029647099113,0.0561469604833924,0.0561469604833924
Tswana,tn,4419.0,1052.0,3367,31183.0,2,9848,22,72.2850767191338,72.2850767191338,0.10090807150708185,0.10090807150708185
Cherokee,chr,4141.0,1051.0,3090,33138.0,1,23520,23,69.17235949817182,69.17235949817183,0.023007389512874916,0.023007389512874916
Latgalian,ltg,3305.0,1042.0,2263,26486.0,1,7123,23,37.79884946927588,37.79884946927588,0.05619874762812478,0.05619874762812479
Madurese,mad,1873.0,1033.0,840,8085.0,1,2084,27,2.854303670189703,2.8543036701897035,0.045476523892503555,0.045476523892503555
Fula,ff,3415.0,1025.0,2390,27454.0,2,8602,38,43.70820712414959,43.70820712414958,0.16561631259108042,0.16561631259108045
Chewa,ny,4689.0,1023.0,3666,41762.0,3,10207,13,114.37594889791325,114.37594889791325,0.12195072188940555,0.12195072188940553
Sotho,st,4405.0,914.0,3491,21547.0,2,10059,16,71.35890958214416,71.35890958214416,0.05943465172379416,0.05943465172379417
Norfuk,pih,3344.0,897.0,2447,21621.0,1,11139,17,48.1163372954914,48.11633729549139,0.026918679503781573,0.026918679503781573
Gothic,got,3822.0,872.0,2950,38001.0,1,18801,9,113.79296265593376,113.79296265593378,0.01610168898199191,0.01610168898199191
Romani (Vlax Romani),rmy,2916.0,855.0,2061,32617.0,1,17112,17,64.99504489510542,64.99504489510542,0.02678653390291633,0.026786533902916323
Ewe,ee,3687.0,832.0,2855,53086.0,2,14083,17,169.54010106396808,169.5401010639681,0.11928158165873823,0.11928158165873823
Amis,ami,1862.0,816.0,1046,16232.0,1,1572,22,14.324365995108053,14.324365995108058,0.15638821485471113,0.15638821485471116
Bambara,bm,3225.0,792.0,2433,24227.0,1,10452,10,70.89306857777919,70.89306857777919,0.022079409110821815,0.022079409110821815
Venda,ve,2255.0,748.0,1507,13746.0,1,7689,10,24.743042565924245,24.743042565924245,0.015972451824559766,0.015972451824559766
Tsonga,ts,3865.0,741.0,3124,33731.0,2,9601,12,155.1191273261292,155.11912732612922,0.09197447290181313,0.09197447290181313
Cheyenne,chy,2240.0,696.0,1544,14016.0,1,11248,17,30.79301285317932,30.793012853179324,0.020979142871157392,0.02097914287115739
Nigerian Pidgin,pcm,1713.0,676.0,1037,14576.0,3,918,17,20.02373631407571,20.02373631407571,0.7251712069171318,0.7251712069171317
Swazi,ss,2582.0,673.0,1909,22738.0,3,8126,16,70.85618287512378,70.85618287512379,0.14755410892881834,0.14755410892881837
Tyap,kcg,3489.0,638.0,2851,17070.0,2,928,12,97.697990008166,97.69799000816602,0.5654215486267061,0.565421548626706
Kirundi,rn,2516.0,633.0,1883,23049.0,1,9464,14,81.06523968842842,81.06523968842843,0.04031265159993903,0.040312651599939034
Chamorro,ch,2513.0,544.0,1969,23452.0,1,15254,11,122.25905365090284,122.25905365090286,0.024358085830803657,0.024358085830803664
Frafra,gur,1291.0,536.0,755,1989.0,1,490,16,3.056841105717755,3.0568411057177545,0.07086219576330711,0.07086219576330711
Iñupiaq,ik,2714.0,504.0,2210,27058.0,2,8445,18,191.6943548244102,191.69435482441023,0.18635902654300776,0.1863590265430078
Pontic Greek,pnt,2059.0,487.0,1572,19792.0,1,10025,10,100.15681296609795,100.15681296609796,0.030950846747310922,0.03095084674731092
Adyghe,ady,3459.0,477.0,2982,13144.0,1,6721,21,148.50993519170055,148.50993519170055,0.07422524637560345,0.07422524637560345
Wayuu,guc,863.0,473.0,390,11657.0,1,614,25,9.182965090602934,9.182965090602936,0.4534726559608273,0.4534726559608273
Inuktitut,iu,3013.0,451.0,2562,28143.0,2,18445,13,301.423026446887,301.423026446887,0.07479430499045091,0.0747943049904509
Paiwan,pwn,509.0,331.0,178,10732.0,1,1276,9,6.097431060329732,6.097431060329732,0.07997361456413245,0.07997361456413245
Sango,sg,1989.0,315.0,1674,20400.0,2,6338,11,289.65777080062793,289.657770800628,0.18919546846337632,0.18919546846337634
Dinka,din,1091.0,309.0,782,1116.0,1,6075,12,6.55142828335487,6.551428283354869,0.005113552055967049,0.005113552055967048
Tigrinya,ti,2809.0,265.0,2544,24174.0,2,9066,15,793.1206265574937,793.1206265574938,0.27338428832916045,0.2733842883291604
Greenlandic,kl,2303.0,243.0,2060,69725.0,3,12910,13,2175.787505665772,2175.7875056657717,0.7753430467536464,0.7753430467536462
Dzongkha,dz,2624.0,237.0,2387,23271.0,1,9934,10,899.6205375781775,899.6205375781776,0.08991478968820023,0.08991478968820024
Cree,cr,2194.0,161.0,2033,28014.0,2,18047,16,2035.923738937928,2035.9237389379282,0.28588736621519856,0.28588736621519856
Akan,ak,,,1709,,1,13690,15,,,,
